{"label_class": "VEHICLE", "uuid": "452d00f3-9724-4281-9d25-ccf8c3fc75c4", "log_id": "c6911883-1843-3727-8eaa-41dc8cda8993", "track_label_frames": [{"center": {"x": 15.27737999450854, "y": -55.0424035144859, "z": -0.19860396352230225}, "rotation": {"x": 0.0, "y": 0.0, "z": -0.694942503939942, "w": 0.719065307338411}, "length": 4.863467901037915, "width": 1.8224551932080835, "height": 1.7244351637926059, "track_label_uuid": "452d00f3-9724-4281-9d25-ccf8c3fc75c4", "timestamp": 315978421320032000, "label_class": "VEHICLE"}, {"center": {"x": 14.545856969334793, "y": -53.89159313560689, "z": -0.20809353809413267}, "rotation": {"x": -6.1354206839698e-06, "y": -0.000186289951409031, "z": -0.693972043485462, "w": 0.720001922302311}, "length": 4.863467901037915, "width": 1.8224551932080835, "height": 1.7244351637926059, "track_label_uuid": "452d00f3-9724-4281-9d25-ccf8c3fc75c4", "timestamp": 315978421420228000, "label_class": "VEHICLE"}, {"center": {"x": 14.29478523219579, "y": -53.826291334831794, "z": -0.22253172436447244}, "rotation": {"x": 0.000192662172924045, "y": -0.000106242752035818, "z": -0.692292873068771, "w": 0.721616608381453}, "length": 4.863467901037915, "width": 1.8224551932080835, "height": 1.7244351637926059, "track_label_uuid": "452d00f3-9724-4281-9d25-ccf8c3fc75c4", "timestamp": 315978421520424000, "label_class": "VEHICLE"}, {"center": {"x": 14.345432661931197, "y": -53.67990034987533, "z": -0.22440842452478194}, "rotation": {"x": 0.0, "y": 0.0, "z": -0.694942503939942, "w": 0.719065307338411}, "length": 4.863467901037915, "width": 1.8224551932080835, "height": 1.7244351637926059, "track_label_uuid": "452d00f3-9724-4281-9d25-ccf8c3fc75c4", "timestamp": 315978421619957000, "label_class": "VEHICLE"}]}