{"label_class": "VEHICLE", "uuid": "e9a019a7-0ac5-46ab-87fc-9bdbff399bf7", "log_id": "c6911883-1843-3727-8eaa-41dc8cda8993", "track_label_frames": [{"center": {"x": 22.82035546906932, "y": -74.44971035113288, "z": -0.06180005216745599}, "rotation": {"x": 0.00150058369269873, "y": 0.000106849404352562, "z": 0.99999866652082, "w": 0.000635443441212807}, "length": 4.08, "width": 1.74, "height": 1.5346935497015295, "track_label_uuid": "e9a019a7-0ac5-46ab-87fc-9bdbff399bf7", "timestamp": 315978421320032000, "label_class": "VEHICLE"}, {"center": {"x": 22.699765055960246, "y": -74.36329195149963, "z": -0.07239662415288706}, "rotation": {"x": 0.00163873583104147, "y": 0.000233834209911522, "z": 0.99999837569684, "w": -0.000713070908180054}, "length": 4.08, "width": 1.74, "height": 1.5346935497015295, "track_label_uuid": "e9a019a7-0ac5-46ab-87fc-9bdbff399bf7", "timestamp": 315978421420228000, "label_class": "VEHICLE"}, {"center": {"x": 22.722282138458258, "y": -74.23594112874332, "z": -0.052145358234270134}, "rotation": {"x": -0.00144195455813624, "y": -0.000335806725322537, "z": -0.999994275593771, "w": 0.00304249578232588}, "length": 4.08, "width": 1.74, "height": 1.5346935497015295, "track_label_uuid": "e9a019a7-0ac5-46ab-87fc-9bdbff399bf7", "timestamp": 315978421520424000, "label_class": "VEHICLE"}, {"center": {"x": 22.891207156080362, "y": -74.037333974998, "z": -0.053693773394513755}, "rotation": {"x": -0.00124107829286653, "y": -0.000277827678736727, "z": -0.999980035376011, "w": 0.00618961920021979}, "length": 4.08, "width": 1.74, "height": 1.5346935497015295, "track_label_uuid": "e9a019a7-0ac5-46ab-87fc-9bdbff399bf7", "timestamp": 315978421619957000, "label_class": "VEHICLE"}]}